--
-- PostgreSQL database dump
--

\restrict rfel8BG2xVlSa5erMiMg0M5WWZzjJcFxS5E7HMm6nFfs7Aq5Ls5bey9OWRBYkfO

-- Dumped from database version 15.14 (Debian 15.14-0+deb12u1)
-- Dumped by pg_dump version 15.14 (Debian 15.14-0+deb12u1)

SET statement_timeout = 0;
SET lock_timeout = 0;
SET idle_in_transaction_session_timeout = 0;
SET client_encoding = 'UTF8';
SET standard_conforming_strings = on;
SELECT pg_catalog.set_config('search_path', '', false);
SET check_function_bodies = false;
SET xmloption = content;
SET client_min_messages = warning;
SET row_security = off;

SET default_tablespace = '';

SET default_table_access_method = heap;

--
-- Name: auth_group; Type: TABLE; Schema: public; Owner: -
--

CREATE TABLE public.auth_group (
    id integer NOT NULL,
    name character varying(150) NOT NULL
);


--
-- Name: auth_group_id_seq; Type: SEQUENCE; Schema: public; Owner: -
--

ALTER TABLE public.auth_group ALTER COLUMN id ADD GENERATED BY DEFAULT AS IDENTITY (
    SEQUENCE NAME public.auth_group_id_seq
    START WITH 1
    INCREMENT BY 1
    NO MINVALUE
    NO MAXVALUE
    CACHE 1
);


--
-- Name: auth_group_permissions; Type: TABLE; Schema: public; Owner: -
--

CREATE TABLE public.auth_group_permissions (
    id bigint NOT NULL,
    group_id integer NOT NULL,
    permission_id integer NOT NULL
);


--
-- Name: auth_group_permissions_id_seq; Type: SEQUENCE; Schema: public; Owner: -
--

ALTER TABLE public.auth_group_permissions ALTER COLUMN id ADD GENERATED BY DEFAULT AS IDENTITY (
    SEQUENCE NAME public.auth_group_permissions_id_seq
    START WITH 1
    INCREMENT BY 1
    NO MINVALUE
    NO MAXVALUE
    CACHE 1
);


--
-- Name: auth_permission; Type: TABLE; Schema: public; Owner: -
--

CREATE TABLE public.auth_permission (
    id integer NOT NULL,
    name character varying(255) NOT NULL,
    content_type_id integer NOT NULL,
    codename character varying(100) NOT NULL
);


--
-- Name: auth_permission_id_seq; Type: SEQUENCE; Schema: public; Owner: -
--

ALTER TABLE public.auth_permission ALTER COLUMN id ADD GENERATED BY DEFAULT AS IDENTITY (
    SEQUENCE NAME public.auth_permission_id_seq
    START WITH 1
    INCREMENT BY 1
    NO MINVALUE
    NO MAXVALUE
    CACHE 1
);


--
-- Name: auth_user; Type: TABLE; Schema: public; Owner: -
--

CREATE TABLE public.auth_user (
    id integer NOT NULL,
    password character varying(128) NOT NULL,
    last_login timestamp with time zone,
    is_superuser boolean NOT NULL,
    username character varying(150) NOT NULL,
    first_name character varying(150) NOT NULL,
    last_name character varying(150) NOT NULL,
    email character varying(254) NOT NULL,
    is_staff boolean NOT NULL,
    is_active boolean NOT NULL,
    date_joined timestamp with time zone NOT NULL
);


--
-- Name: auth_user_groups; Type: TABLE; Schema: public; Owner: -
--

CREATE TABLE public.auth_user_groups (
    id bigint NOT NULL,
    user_id integer NOT NULL,
    group_id integer NOT NULL
);


--
-- Name: auth_user_groups_id_seq; Type: SEQUENCE; Schema: public; Owner: -
--

ALTER TABLE public.auth_user_groups ALTER COLUMN id ADD GENERATED BY DEFAULT AS IDENTITY (
    SEQUENCE NAME public.auth_user_groups_id_seq
    START WITH 1
    INCREMENT BY 1
    NO MINVALUE
    NO MAXVALUE
    CACHE 1
);


--
-- Name: auth_user_id_seq; Type: SEQUENCE; Schema: public; Owner: -
--

ALTER TABLE public.auth_user ALTER COLUMN id ADD GENERATED BY DEFAULT AS IDENTITY (
    SEQUENCE NAME public.auth_user_id_seq
    START WITH 1
    INCREMENT BY 1
    NO MINVALUE
    NO MAXVALUE
    CACHE 1
);


--
-- Name: auth_user_user_permissions; Type: TABLE; Schema: public; Owner: -
--

CREATE TABLE public.auth_user_user_permissions (
    id bigint NOT NULL,
    user_id integer NOT NULL,
    permission_id integer NOT NULL
);


--
-- Name: auth_user_user_permissions_id_seq; Type: SEQUENCE; Schema: public; Owner: -
--

ALTER TABLE public.auth_user_user_permissions ALTER COLUMN id ADD GENERATED BY DEFAULT AS IDENTITY (
    SEQUENCE NAME public.auth_user_user_permissions_id_seq
    START WITH 1
    INCREMENT BY 1
    NO MINVALUE
    NO MAXVALUE
    CACHE 1
);


--
-- Name: django_admin_log; Type: TABLE; Schema: public; Owner: -
--

CREATE TABLE public.django_admin_log (
    id integer NOT NULL,
    action_time timestamp with time zone NOT NULL,
    object_id text,
    object_repr character varying(200) NOT NULL,
    action_flag smallint NOT NULL,
    change_message text NOT NULL,
    content_type_id integer,
    user_id integer NOT NULL,
    CONSTRAINT django_admin_log_action_flag_check CHECK ((action_flag >= 0))
);


--
-- Name: django_admin_log_id_seq; Type: SEQUENCE; Schema: public; Owner: -
--

ALTER TABLE public.django_admin_log ALTER COLUMN id ADD GENERATED BY DEFAULT AS IDENTITY (
    SEQUENCE NAME public.django_admin_log_id_seq
    START WITH 1
    INCREMENT BY 1
    NO MINVALUE
    NO MAXVALUE
    CACHE 1
);


--
-- Name: django_content_type; Type: TABLE; Schema: public; Owner: -
--

CREATE TABLE public.django_content_type (
    id integer NOT NULL,
    app_label character varying(100) NOT NULL,
    model character varying(100) NOT NULL
);


--
-- Name: django_content_type_id_seq; Type: SEQUENCE; Schema: public; Owner: -
--

ALTER TABLE public.django_content_type ALTER COLUMN id ADD GENERATED BY DEFAULT AS IDENTITY (
    SEQUENCE NAME public.django_content_type_id_seq
    START WITH 1
    INCREMENT BY 1
    NO MINVALUE
    NO MAXVALUE
    CACHE 1
);


--
-- Name: django_migrations; Type: TABLE; Schema: public; Owner: -
--

CREATE TABLE public.django_migrations (
    id bigint NOT NULL,
    app character varying(255) NOT NULL,
    name character varying(255) NOT NULL,
    applied timestamp with time zone NOT NULL
);


--
-- Name: django_migrations_id_seq; Type: SEQUENCE; Schema: public; Owner: -
--

ALTER TABLE public.django_migrations ALTER COLUMN id ADD GENERATED BY DEFAULT AS IDENTITY (
    SEQUENCE NAME public.django_migrations_id_seq
    START WITH 1
    INCREMENT BY 1
    NO MINVALUE
    NO MAXVALUE
    CACHE 1
);


--
-- Name: django_session; Type: TABLE; Schema: public; Owner: -
--

CREATE TABLE public.django_session (
    session_key character varying(40) NOT NULL,
    session_data text NOT NULL,
    expire_date timestamp with time zone NOT NULL
);


--
-- Name: orders_order; Type: TABLE; Schema: public; Owner: -
--

CREATE TABLE public.orders_order (
    id bigint NOT NULL,
    first_name character varying(50) NOT NULL,
    last_name character varying(50) NOT NULL,
    email character varying(254) NOT NULL,
    address character varying(250) NOT NULL,
    postal_code character varying(20) NOT NULL,
    city character varying(100) NOT NULL,
    created timestamp with time zone NOT NULL,
    updated timestamp with time zone NOT NULL,
    paid boolean NOT NULL
);


--
-- Name: orders_order_id_seq; Type: SEQUENCE; Schema: public; Owner: -
--

ALTER TABLE public.orders_order ALTER COLUMN id ADD GENERATED BY DEFAULT AS IDENTITY (
    SEQUENCE NAME public.orders_order_id_seq
    START WITH 1
    INCREMENT BY 1
    NO MINVALUE
    NO MAXVALUE
    CACHE 1
);


--
-- Name: orders_orderitem; Type: TABLE; Schema: public; Owner: -
--

CREATE TABLE public.orders_orderitem (
    id bigint NOT NULL,
    price numeric(10,2) NOT NULL,
    quantity integer NOT NULL,
    order_id bigint NOT NULL,
    product_id bigint NOT NULL,
    CONSTRAINT orders_orderitem_quantity_check CHECK ((quantity >= 0))
);


--
-- Name: orders_orderitem_id_seq; Type: SEQUENCE; Schema: public; Owner: -
--

ALTER TABLE public.orders_orderitem ALTER COLUMN id ADD GENERATED BY DEFAULT AS IDENTITY (
    SEQUENCE NAME public.orders_orderitem_id_seq
    START WITH 1
    INCREMENT BY 1
    NO MINVALUE
    NO MAXVALUE
    CACHE 1
);


--
-- Name: shop_category; Type: TABLE; Schema: public; Owner: -
--

CREATE TABLE public.shop_category (
    id bigint NOT NULL,
    name character varying(200) NOT NULL,
    slug character varying(200) NOT NULL
);


--
-- Name: shop_category_id_seq; Type: SEQUENCE; Schema: public; Owner: -
--

ALTER TABLE public.shop_category ALTER COLUMN id ADD GENERATED BY DEFAULT AS IDENTITY (
    SEQUENCE NAME public.shop_category_id_seq
    START WITH 1
    INCREMENT BY 1
    NO MINVALUE
    NO MAXVALUE
    CACHE 1
);


--
-- Name: shop_product; Type: TABLE; Schema: public; Owner: -
--

CREATE TABLE public.shop_product (
    id bigint NOT NULL,
    name character varying(200) NOT NULL,
    slug character varying(200) NOT NULL,
    image character varying(100) NOT NULL,
    description text NOT NULL,
    price numeric(10,2) NOT NULL,
    stock integer NOT NULL,
    available boolean NOT NULL,
    created timestamp with time zone NOT NULL,
    updated timestamp with time zone NOT NULL,
    category_id bigint NOT NULL,
    CONSTRAINT shop_product_stock_check CHECK ((stock >= 0))
);


--
-- Name: shop_product_id_seq; Type: SEQUENCE; Schema: public; Owner: -
--

ALTER TABLE public.shop_product ALTER COLUMN id ADD GENERATED BY DEFAULT AS IDENTITY (
    SEQUENCE NAME public.shop_product_id_seq
    START WITH 1
    INCREMENT BY 1
    NO MINVALUE
    NO MAXVALUE
    CACHE 1
);


--
-- Data for Name: auth_group; Type: TABLE DATA; Schema: public; Owner: -
--

COPY public.auth_group (id, name) FROM stdin;
\.


--
-- Data for Name: auth_group_permissions; Type: TABLE DATA; Schema: public; Owner: -
--

COPY public.auth_group_permissions (id, group_id, permission_id) FROM stdin;
\.


--
-- Data for Name: auth_permission; Type: TABLE DATA; Schema: public; Owner: -
--

COPY public.auth_permission (id, name, content_type_id, codename) FROM stdin;
1	Can add Категория	1	add_category
2	Can change Категория	1	change_category
3	Can delete Категория	1	delete_category
4	Can view Категория	1	view_category
5	Can add Товар	2	add_product
6	Can change Товар	2	change_product
7	Can delete Товар	2	delete_product
8	Can view Товар	2	view_product
9	Can add Заказ	3	add_order
10	Can change Заказ	3	change_order
11	Can delete Заказ	3	delete_order
12	Can view Заказ	3	view_order
13	Can add Товар в заказе	4	add_orderitem
14	Can change Товар в заказе	4	change_orderitem
15	Can delete Товар в заказе	4	delete_orderitem
16	Can view Товар в заказе	4	view_orderitem
17	Can add log entry	5	add_logentry
18	Can change log entry	5	change_logentry
19	Can delete log entry	5	delete_logentry
20	Can view log entry	5	view_logentry
21	Can add permission	6	add_permission
22	Can change permission	6	change_permission
23	Can delete permission	6	delete_permission
24	Can view permission	6	view_permission
25	Can add group	7	add_group
26	Can change group	7	change_group
27	Can delete group	7	delete_group
28	Can view group	7	view_group
29	Can add user	8	add_user
30	Can change user	8	change_user
31	Can delete user	8	delete_user
32	Can view user	8	view_user
33	Can add content type	9	add_contenttype
34	Can change content type	9	change_contenttype
35	Can delete content type	9	delete_contenttype
36	Can view content type	9	view_contenttype
37	Can add session	10	add_session
38	Can change session	10	change_session
39	Can delete session	10	delete_session
40	Can view session	10	view_session
\.


--
-- Data for Name: auth_user; Type: TABLE DATA; Schema: public; Owner: -
--

COPY public.auth_user (id, password, last_login, is_superuser, username, first_name, last_name, email, is_staff, is_active, date_joined) FROM stdin;
1	pbkdf2_sha256$1000000$NkUZD1HHN1RBo21sxRXh93$TNF8GFlkQ8ZkS8mbNSa7zefSbS5ZcTuyLM9c39O5wY8=	2025-11-08 03:01:52.656521+00	t	www_jaketiger			kurb@yandex.ru	t	t	2025-11-08 02:56:53.499875+00
2	pbkdf2_sha256$1000000$DJ76wHLh5NqOf3cpunUtv2$gP9/9LKLMRHVtRpu1J8T8w1vOF5MJr2X1MeOTWd90eE=	2025-11-08 08:12:01.26179+00	t	supersenus				t	t	2025-11-08 03:37:11.068404+00
\.


--
-- Data for Name: auth_user_groups; Type: TABLE DATA; Schema: public; Owner: -
--

COPY public.auth_user_groups (id, user_id, group_id) FROM stdin;
\.


--
-- Data for Name: auth_user_user_permissions; Type: TABLE DATA; Schema: public; Owner: -
--

COPY public.auth_user_user_permissions (id, user_id, permission_id) FROM stdin;
\.


--
-- Data for Name: django_admin_log; Type: TABLE DATA; Schema: public; Owner: -
--

COPY public.django_admin_log (id, action_time, object_id, object_repr, action_flag, change_message, content_type_id, user_id) FROM stdin;
1	2025-11-08 03:12:48.938269+00	1	цветы	1	[{"added": {}}]	1	1
2	2025-11-08 03:12:52.024474+00	1	тюльпан	1	[{"added": {}}]	2	1
3	2025-11-08 03:33:02.438717+00	1	тюльпан	2	[{"changed": {"fields": ["\\u0418\\u0437\\u043e\\u0431\\u0440\\u0430\\u0436\\u0435\\u043d\\u0438\\u0435"]}}]	2	1
4	2025-11-08 03:48:00.93223+00	2	Xxxxx	1	[{"added": {}}]	1	2
5	2025-11-08 03:54:54.013682+00	2	Hhfghhhvcccf	1	[{"added": {}}]	2	2
6	2025-11-08 08:23:57.279954+00	3	Популярные	1	[{"added": {}}]	1	2
7	2025-11-08 08:25:40.892123+00	3	Популярные	2	[]	1	2
8	2025-11-08 08:25:47.107288+00	3	Популярные	2	[]	1	2
9	2025-11-08 08:27:16.001931+00	3	Популярные	3		1	2
10	2025-11-08 08:42:38.999171+00	3	Розы	1	[{"added": {}}]	2	2
11	2025-11-08 08:45:18.557838+00	4	Роза кустовая	1	[{"added": {}}]	2	2
12	2025-11-08 08:48:28.809152+00	4	Роза кустовая	2	[]	2	2
13	2025-11-08 08:48:52.958766+00	5	розы	1	[{"added": {}}]	2	2
14	2025-11-08 08:49:48.846854+00	5	букеты	2	[{"changed": {"fields": ["\\u041d\\u0430\\u0437\\u0432\\u0430\\u043d\\u0438\\u0435 \\u0442\\u043e\\u0432\\u0430\\u0440\\u0430"]}}]	2	2
15	2025-11-08 08:50:04.380662+00	5	букеты	2	[]	2	2
16	2025-11-08 08:50:33.681188+00	2	Ромашки	2	[{"changed": {"fields": ["\\u041d\\u0430\\u0437\\u0432\\u0430\\u043d\\u0438\\u0435 \\u0442\\u043e\\u0432\\u0430\\u0440\\u0430"]}}]	2	2
17	2025-11-08 08:50:48.90257+00	2	Ромашки	2	[]	2	2
18	2025-11-08 08:52:13.172529+00	4	AmoreFlowers	1	[{"added": {}}]	1	2
19	2025-11-08 08:59:44.646444+00	5	букеты	2	[]	2	2
20	2025-11-08 09:01:19.990002+00	5	букеты	3		2	2
21	2025-11-08 09:02:03.284863+00	6	букеты	1	[{"added": {}}]	2	2
22	2025-11-08 09:02:58.873292+00	6	букеты	2	[{"changed": {"fields": ["\\u0418\\u0437\\u043e\\u0431\\u0440\\u0430\\u0436\\u0435\\u043d\\u0438\\u0435"]}}]	2	2
23	2025-11-08 09:03:31.374741+00	6	букеты	2	[]	2	2
\.


--
-- Data for Name: django_content_type; Type: TABLE DATA; Schema: public; Owner: -
--

COPY public.django_content_type (id, app_label, model) FROM stdin;
1	shop	category
2	shop	product
3	orders	order
4	orders	orderitem
5	admin	logentry
6	auth	permission
7	auth	group
8	auth	user
9	contenttypes	contenttype
10	sessions	session
\.


--
-- Data for Name: django_migrations; Type: TABLE DATA; Schema: public; Owner: -
--

COPY public.django_migrations (id, app, name, applied) FROM stdin;
1	contenttypes	0001_initial	2025-11-08 02:51:24.185059+00
2	auth	0001_initial	2025-11-08 02:51:24.330648+00
3	admin	0001_initial	2025-11-08 02:51:24.376702+00
4	admin	0002_logentry_remove_auto_add	2025-11-08 02:51:24.393394+00
5	admin	0003_logentry_add_action_flag_choices	2025-11-08 02:51:24.404248+00
6	contenttypes	0002_remove_content_type_name	2025-11-08 02:51:24.424146+00
7	auth	0002_alter_permission_name_max_length	2025-11-08 02:51:24.435285+00
8	auth	0003_alter_user_email_max_length	2025-11-08 02:51:24.446618+00
9	auth	0004_alter_user_username_opts	2025-11-08 02:51:24.458242+00
10	auth	0005_alter_user_last_login_null	2025-11-08 02:51:24.47067+00
11	auth	0006_require_contenttypes_0002	2025-11-08 02:51:24.473107+00
12	auth	0007_alter_validators_add_error_messages	2025-11-08 02:51:24.482924+00
13	auth	0008_alter_user_username_max_length	2025-11-08 02:51:24.49809+00
14	auth	0009_alter_user_last_name_max_length	2025-11-08 02:51:24.507835+00
15	auth	0010_alter_group_name_max_length	2025-11-08 02:51:24.518589+00
16	auth	0011_update_proxy_permissions	2025-11-08 02:51:24.527701+00
17	auth	0012_alter_user_first_name_max_length	2025-11-08 02:51:24.538436+00
18	shop	0001_initial	2025-11-08 02:51:24.591746+00
19	orders	0001_initial	2025-11-08 02:51:24.623867+00
20	sessions	0001_initial	2025-11-08 02:51:24.641605+00
\.


--
-- Data for Name: django_session; Type: TABLE DATA; Schema: public; Owner: -
--

COPY public.django_session (session_key, session_data, expire_date) FROM stdin;
nd8se3evvu0sx0at98akr1heohpu8746	.eJxVjEEOwiAQRe_C2hCYgSIu3fcMZBhAqoYmpV0Z765NutDtf-_9lwi0rTVsPS9hSuIiQJx-t0j8yG0H6U7tNkue27pMUe6KPGiX45zy83q4fweVev3WJbG3FrVyA5wVYfEelE7owQyoi3LGmlSiNWC0pZKBHWujMLPD7DyI9wezdjav:1vHaZ9:nO_k8lQT_p5W3vXAFiJL2rMVJfVeFXrLUU-y4tmge40	2025-11-22 04:28:43.215438+00
uw5wfcw31cwumf2numqvjk58zus6x0s8	.eJyrVkpOLCpRsqpWMgIRhaWJeSWZJZVKVoY6SgVFmcmpSlZKlgZ6BgZKtTpKhjiVGBpA1NTWAgDvzRgI:1vHc4l:dlCpNoDRACZyiL7PdVLRtTy-_WTb2TeT91teNnM0F4M	2025-11-22 06:05:27.843875+00
txfvycspm27ti324syb6vtbs2hg3ug57	.eJxVjssOwiAURP-FtSE8i3Tp3m8glwtI1dAE6KrpvytJF7qdc2YyO3Gw9ey2FqtbApmJIJffzAO-YhkgPKE8Vopr6XXxdCj0pI3e1xDft9P9G8jQ8redAlqtJWdmElcGMlkrGA_SCjVJnphRWoXktRKKa0hRoEGumIxoZDR2vEKoncz7cXwA5RY5-w:1vHeWy:5w9vIyN0rSgae8fEEScawugTAY_1QowzbvmT9XBAjpc	2025-11-22 08:42:44.690187+00
eqdmbgfzcyhckmujh7jo5qofjh95o01n	.eJyrVkpOLCpRsqpWMgIRhaWJeSWZJZVKVsY6SgVFmcmpSlZKlgZ6BgZKtTpKhqhKDBFKDA1gaoxR1Rgh1BhD1dTWAgAFrSIw:1vHsnM:acDP4sQ5qQdJZIiyZFWs5SC_oZ-Akl9rXkTgvJraDFQ	2025-11-22 23:56:36.309783+00
\.


--
-- Data for Name: orders_order; Type: TABLE DATA; Schema: public; Owner: -
--

COPY public.orders_order (id, first_name, last_name, email, address, postal_code, city, created, updated, paid) FROM stdin;
1	Gvcffg	Ggc	hvv@gcc.com	Gvg	256566	Ррссир	2025-11-08 03:28:33.013193+00	2025-11-08 03:28:33.01321+00	f
2	Евгений	Корнеев (Курбатов)	kurb@yandex.ru	15 Славы проспект	192239	Санкт-Петербург	2025-11-08 03:33:38.965209+00	2025-11-08 03:33:38.965222+00	f
3	Вася	Петров	hfsty@ggdd.com	Спб стрит	1456534	Москва	2025-11-08 03:57:42.826598+00	2025-11-08 03:57:42.826617+00	f
4	Арсений	Абрамов	supersenus@mail.ru	Россия, Санкт-Петербург, Гаванская улица, 49к1	199406	Санкт-Петербург	2025-11-08 08:34:08.916374+00	2025-11-08 08:34:08.916392+00	f
\.


--
-- Data for Name: orders_orderitem; Type: TABLE DATA; Schema: public; Owner: -
--

COPY public.orders_orderitem (id, price, quantity, order_id, product_id) FROM stdin;
1	100.00	1	1	1
2	100.00	2	2	1
3	90.00	1	3	2
4	100.00	2	3	1
5	90.00	1	4	2
6	100.00	1	4	1
\.


--
-- Data for Name: shop_category; Type: TABLE DATA; Schema: public; Owner: -
--

COPY public.shop_category (id, name, slug) FROM stdin;
1	цветы	cvety
2	Xxxxx	xxxxx
4	AmoreFlowers	amoreflowers
\.


--
-- Data for Name: shop_product; Type: TABLE DATA; Schema: public; Owner: -
--

COPY public.shop_product (id, name, slug, image, description, price, stock, available, created, updated, category_id) FROM stdin;
1	тюльпан	tyulpan	products/2025/11/08/173.webp	обычный	100.00	36	t	2025-11-08 03:12:52.020927+00	2025-11-08 03:33:02.436593+00	1
3	Розы	rozy	products/2025/11/08/af94c88379cd473997b2285fe01baded.jpg		300.00	20	t	2025-11-08 08:42:38.994738+00	2025-11-08 08:42:38.994755+00	1
4	Роза кустовая	roza-kustovaya	products/2025/11/08/fff1572ee54105c2e97180cf4f8c9b1a.jpg		280.00	15	t	2025-11-08 08:45:18.551798+00	2025-11-08 08:48:28.804824+00	1
2	Ромашки	hhfghhhvcccf	products/2025/11/08/IMG_4322.webp		90.00	24	t	2025-11-08 03:54:54.011214+00	2025-11-08 08:50:48.899529+00	2
6	букеты	bukety	products/2025/11/08/1750280405_75092365.jpg		250.00	10	t	2025-11-08 09:02:03.280665+00	2025-11-08 09:03:31.369961+00	4
\.


--
-- Name: auth_group_id_seq; Type: SEQUENCE SET; Schema: public; Owner: -
--

SELECT pg_catalog.setval('public.auth_group_id_seq', 1, false);


--
-- Name: auth_group_permissions_id_seq; Type: SEQUENCE SET; Schema: public; Owner: -
--

SELECT pg_catalog.setval('public.auth_group_permissions_id_seq', 1, false);


--
-- Name: auth_permission_id_seq; Type: SEQUENCE SET; Schema: public; Owner: -
--

SELECT pg_catalog.setval('public.auth_permission_id_seq', 40, true);


--
-- Name: auth_user_groups_id_seq; Type: SEQUENCE SET; Schema: public; Owner: -
--

SELECT pg_catalog.setval('public.auth_user_groups_id_seq', 1, false);


--
-- Name: auth_user_id_seq; Type: SEQUENCE SET; Schema: public; Owner: -
--

SELECT pg_catalog.setval('public.auth_user_id_seq', 2, true);


--
-- Name: auth_user_user_permissions_id_seq; Type: SEQUENCE SET; Schema: public; Owner: -
--

SELECT pg_catalog.setval('public.auth_user_user_permissions_id_seq', 1, false);


--
-- Name: django_admin_log_id_seq; Type: SEQUENCE SET; Schema: public; Owner: -
--

SELECT pg_catalog.setval('public.django_admin_log_id_seq', 23, true);


--
-- Name: django_content_type_id_seq; Type: SEQUENCE SET; Schema: public; Owner: -
--

SELECT pg_catalog.setval('public.django_content_type_id_seq', 10, true);


--
-- Name: django_migrations_id_seq; Type: SEQUENCE SET; Schema: public; Owner: -
--

SELECT pg_catalog.setval('public.django_migrations_id_seq', 20, true);


--
-- Name: orders_order_id_seq; Type: SEQUENCE SET; Schema: public; Owner: -
--

SELECT pg_catalog.setval('public.orders_order_id_seq', 4, true);


--
-- Name: orders_orderitem_id_seq; Type: SEQUENCE SET; Schema: public; Owner: -
--

SELECT pg_catalog.setval('public.orders_orderitem_id_seq', 6, true);


--
-- Name: shop_category_id_seq; Type: SEQUENCE SET; Schema: public; Owner: -
--

SELECT pg_catalog.setval('public.shop_category_id_seq', 4, true);


--
-- Name: shop_product_id_seq; Type: SEQUENCE SET; Schema: public; Owner: -
--

SELECT pg_catalog.setval('public.shop_product_id_seq', 6, true);


--
-- Name: auth_group auth_group_name_key; Type: CONSTRAINT; Schema: public; Owner: -
--

ALTER TABLE ONLY public.auth_group
    ADD CONSTRAINT auth_group_name_key UNIQUE (name);


--
-- Name: auth_group_permissions auth_group_permissions_group_id_permission_id_0cd325b0_uniq; Type: CONSTRAINT; Schema: public; Owner: -
--

ALTER TABLE ONLY public.auth_group_permissions
    ADD CONSTRAINT auth_group_permissions_group_id_permission_id_0cd325b0_uniq UNIQUE (group_id, permission_id);


--
-- Name: auth_group_permissions auth_group_permissions_pkey; Type: CONSTRAINT; Schema: public; Owner: -
--

ALTER TABLE ONLY public.auth_group_permissions
    ADD CONSTRAINT auth_group_permissions_pkey PRIMARY KEY (id);


--
-- Name: auth_group auth_group_pkey; Type: CONSTRAINT; Schema: public; Owner: -
--

ALTER TABLE ONLY public.auth_group
    ADD CONSTRAINT auth_group_pkey PRIMARY KEY (id);


--
-- Name: auth_permission auth_permission_content_type_id_codename_01ab375a_uniq; Type: CONSTRAINT; Schema: public; Owner: -
--

ALTER TABLE ONLY public.auth_permission
    ADD CONSTRAINT auth_permission_content_type_id_codename_01ab375a_uniq UNIQUE (content_type_id, codename);


--
-- Name: auth_permission auth_permission_pkey; Type: CONSTRAINT; Schema: public; Owner: -
--

ALTER TABLE ONLY public.auth_permission
    ADD CONSTRAINT auth_permission_pkey PRIMARY KEY (id);


--
-- Name: auth_user_groups auth_user_groups_pkey; Type: CONSTRAINT; Schema: public; Owner: -
--

ALTER TABLE ONLY public.auth_user_groups
    ADD CONSTRAINT auth_user_groups_pkey PRIMARY KEY (id);


--
-- Name: auth_user_groups auth_user_groups_user_id_group_id_94350c0c_uniq; Type: CONSTRAINT; Schema: public; Owner: -
--

ALTER TABLE ONLY public.auth_user_groups
    ADD CONSTRAINT auth_user_groups_user_id_group_id_94350c0c_uniq UNIQUE (user_id, group_id);


--
-- Name: auth_user auth_user_pkey; Type: CONSTRAINT; Schema: public; Owner: -
--

ALTER TABLE ONLY public.auth_user
    ADD CONSTRAINT auth_user_pkey PRIMARY KEY (id);


--
-- Name: auth_user_user_permissions auth_user_user_permissions_pkey; Type: CONSTRAINT; Schema: public; Owner: -
--

ALTER TABLE ONLY public.auth_user_user_permissions
    ADD CONSTRAINT auth_user_user_permissions_pkey PRIMARY KEY (id);


--
-- Name: auth_user_user_permissions auth_user_user_permissions_user_id_permission_id_14a6b632_uniq; Type: CONSTRAINT; Schema: public; Owner: -
--

ALTER TABLE ONLY public.auth_user_user_permissions
    ADD CONSTRAINT auth_user_user_permissions_user_id_permission_id_14a6b632_uniq UNIQUE (user_id, permission_id);


--
-- Name: auth_user auth_user_username_key; Type: CONSTRAINT; Schema: public; Owner: -
--

ALTER TABLE ONLY public.auth_user
    ADD CONSTRAINT auth_user_username_key UNIQUE (username);


--
-- Name: django_admin_log django_admin_log_pkey; Type: CONSTRAINT; Schema: public; Owner: -
--

ALTER TABLE ONLY public.django_admin_log
    ADD CONSTRAINT django_admin_log_pkey PRIMARY KEY (id);


--
-- Name: django_content_type django_content_type_app_label_model_76bd3d3b_uniq; Type: CONSTRAINT; Schema: public; Owner: -
--

ALTER TABLE ONLY public.django_content_type
    ADD CONSTRAINT django_content_type_app_label_model_76bd3d3b_uniq UNIQUE (app_label, model);


--
-- Name: django_content_type django_content_type_pkey; Type: CONSTRAINT; Schema: public; Owner: -
--

ALTER TABLE ONLY public.django_content_type
    ADD CONSTRAINT django_content_type_pkey PRIMARY KEY (id);


--
-- Name: django_migrations django_migrations_pkey; Type: CONSTRAINT; Schema: public; Owner: -
--

ALTER TABLE ONLY public.django_migrations
    ADD CONSTRAINT django_migrations_pkey PRIMARY KEY (id);


--
-- Name: django_session django_session_pkey; Type: CONSTRAINT; Schema: public; Owner: -
--

ALTER TABLE ONLY public.django_session
    ADD CONSTRAINT django_session_pkey PRIMARY KEY (session_key);


--
-- Name: orders_order orders_order_pkey; Type: CONSTRAINT; Schema: public; Owner: -
--

ALTER TABLE ONLY public.orders_order
    ADD CONSTRAINT orders_order_pkey PRIMARY KEY (id);


--
-- Name: orders_orderitem orders_orderitem_pkey; Type: CONSTRAINT; Schema: public; Owner: -
--

ALTER TABLE ONLY public.orders_orderitem
    ADD CONSTRAINT orders_orderitem_pkey PRIMARY KEY (id);


--
-- Name: shop_category shop_category_pkey; Type: CONSTRAINT; Schema: public; Owner: -
--

ALTER TABLE ONLY public.shop_category
    ADD CONSTRAINT shop_category_pkey PRIMARY KEY (id);


--
-- Name: shop_category shop_category_slug_key; Type: CONSTRAINT; Schema: public; Owner: -
--

ALTER TABLE ONLY public.shop_category
    ADD CONSTRAINT shop_category_slug_key UNIQUE (slug);


--
-- Name: shop_product shop_product_pkey; Type: CONSTRAINT; Schema: public; Owner: -
--

ALTER TABLE ONLY public.shop_product
    ADD CONSTRAINT shop_product_pkey PRIMARY KEY (id);


--
-- Name: auth_group_name_a6ea08ec_like; Type: INDEX; Schema: public; Owner: -
--

CREATE INDEX auth_group_name_a6ea08ec_like ON public.auth_group USING btree (name varchar_pattern_ops);


--
-- Name: auth_group_permissions_group_id_b120cbf9; Type: INDEX; Schema: public; Owner: -
--

CREATE INDEX auth_group_permissions_group_id_b120cbf9 ON public.auth_group_permissions USING btree (group_id);


--
-- Name: auth_group_permissions_permission_id_84c5c92e; Type: INDEX; Schema: public; Owner: -
--

CREATE INDEX auth_group_permissions_permission_id_84c5c92e ON public.auth_group_permissions USING btree (permission_id);


--
-- Name: auth_permission_content_type_id_2f476e4b; Type: INDEX; Schema: public; Owner: -
--

CREATE INDEX auth_permission_content_type_id_2f476e4b ON public.auth_permission USING btree (content_type_id);


--
-- Name: auth_user_groups_group_id_97559544; Type: INDEX; Schema: public; Owner: -
--

CREATE INDEX auth_user_groups_group_id_97559544 ON public.auth_user_groups USING btree (group_id);


--
-- Name: auth_user_groups_user_id_6a12ed8b; Type: INDEX; Schema: public; Owner: -
--

CREATE INDEX auth_user_groups_user_id_6a12ed8b ON public.auth_user_groups USING btree (user_id);


--
-- Name: auth_user_user_permissions_permission_id_1fbb5f2c; Type: INDEX; Schema: public; Owner: -
--

CREATE INDEX auth_user_user_permissions_permission_id_1fbb5f2c ON public.auth_user_user_permissions USING btree (permission_id);


--
-- Name: auth_user_user_permissions_user_id_a95ead1b; Type: INDEX; Schema: public; Owner: -
--

CREATE INDEX auth_user_user_permissions_user_id_a95ead1b ON public.auth_user_user_permissions USING btree (user_id);


--
-- Name: auth_user_username_6821ab7c_like; Type: INDEX; Schema: public; Owner: -
--

CREATE INDEX auth_user_username_6821ab7c_like ON public.auth_user USING btree (username varchar_pattern_ops);


--
-- Name: django_admin_log_content_type_id_c4bce8eb; Type: INDEX; Schema: public; Owner: -
--

CREATE INDEX django_admin_log_content_type_id_c4bce8eb ON public.django_admin_log USING btree (content_type_id);


--
-- Name: django_admin_log_user_id_c564eba6; Type: INDEX; Schema: public; Owner: -
--

CREATE INDEX django_admin_log_user_id_c564eba6 ON public.django_admin_log USING btree (user_id);


--
-- Name: django_session_expire_date_a5c62663; Type: INDEX; Schema: public; Owner: -
--

CREATE INDEX django_session_expire_date_a5c62663 ON public.django_session USING btree (expire_date);


--
-- Name: django_session_session_key_c0390e0f_like; Type: INDEX; Schema: public; Owner: -
--

CREATE INDEX django_session_session_key_c0390e0f_like ON public.django_session USING btree (session_key varchar_pattern_ops);


--
-- Name: orders_orde_created_743fca_idx; Type: INDEX; Schema: public; Owner: -
--

CREATE INDEX orders_orde_created_743fca_idx ON public.orders_order USING btree (created DESC);


--
-- Name: orders_orderitem_order_id_fe61a34d; Type: INDEX; Schema: public; Owner: -
--

CREATE INDEX orders_orderitem_order_id_fe61a34d ON public.orders_orderitem USING btree (order_id);


--
-- Name: orders_orderitem_product_id_afe4254a; Type: INDEX; Schema: public; Owner: -
--

CREATE INDEX orders_orderitem_product_id_afe4254a ON public.orders_orderitem USING btree (product_id);


--
-- Name: shop_catego_name_289c7e_idx; Type: INDEX; Schema: public; Owner: -
--

CREATE INDEX shop_catego_name_289c7e_idx ON public.shop_category USING btree (name);


--
-- Name: shop_category_slug_4508178e_like; Type: INDEX; Schema: public; Owner: -
--

CREATE INDEX shop_category_slug_4508178e_like ON public.shop_category USING btree (slug varchar_pattern_ops);


--
-- Name: shop_produc_created_ef211c_idx; Type: INDEX; Schema: public; Owner: -
--

CREATE INDEX shop_produc_created_ef211c_idx ON public.shop_product USING btree (created DESC);


--
-- Name: shop_produc_id_f21274_idx; Type: INDEX; Schema: public; Owner: -
--

CREATE INDEX shop_produc_id_f21274_idx ON public.shop_product USING btree (id, slug);


--
-- Name: shop_produc_name_a2070e_idx; Type: INDEX; Schema: public; Owner: -
--

CREATE INDEX shop_produc_name_a2070e_idx ON public.shop_product USING btree (name);


--
-- Name: shop_product_category_id_14d7eea8; Type: INDEX; Schema: public; Owner: -
--

CREATE INDEX shop_product_category_id_14d7eea8 ON public.shop_product USING btree (category_id);


--
-- Name: shop_product_slug_30bd2d5d; Type: INDEX; Schema: public; Owner: -
--

CREATE INDEX shop_product_slug_30bd2d5d ON public.shop_product USING btree (slug);


--
-- Name: shop_product_slug_30bd2d5d_like; Type: INDEX; Schema: public; Owner: -
--

CREATE INDEX shop_product_slug_30bd2d5d_like ON public.shop_product USING btree (slug varchar_pattern_ops);


--
-- Name: auth_group_permissions auth_group_permissio_permission_id_84c5c92e_fk_auth_perm; Type: FK CONSTRAINT; Schema: public; Owner: -
--

ALTER TABLE ONLY public.auth_group_permissions
    ADD CONSTRAINT auth_group_permissio_permission_id_84c5c92e_fk_auth_perm FOREIGN KEY (permission_id) REFERENCES public.auth_permission(id) DEFERRABLE INITIALLY DEFERRED;


--
-- Name: auth_group_permissions auth_group_permissions_group_id_b120cbf9_fk_auth_group_id; Type: FK CONSTRAINT; Schema: public; Owner: -
--

ALTER TABLE ONLY public.auth_group_permissions
    ADD CONSTRAINT auth_group_permissions_group_id_b120cbf9_fk_auth_group_id FOREIGN KEY (group_id) REFERENCES public.auth_group(id) DEFERRABLE INITIALLY DEFERRED;


--
-- Name: auth_permission auth_permission_content_type_id_2f476e4b_fk_django_co; Type: FK CONSTRAINT; Schema: public; Owner: -
--

ALTER TABLE ONLY public.auth_permission
    ADD CONSTRAINT auth_permission_content_type_id_2f476e4b_fk_django_co FOREIGN KEY (content_type_id) REFERENCES public.django_content_type(id) DEFERRABLE INITIALLY DEFERRED;


--
-- Name: auth_user_groups auth_user_groups_group_id_97559544_fk_auth_group_id; Type: FK CONSTRAINT; Schema: public; Owner: -
--

ALTER TABLE ONLY public.auth_user_groups
    ADD CONSTRAINT auth_user_groups_group_id_97559544_fk_auth_group_id FOREIGN KEY (group_id) REFERENCES public.auth_group(id) DEFERRABLE INITIALLY DEFERRED;


--
-- Name: auth_user_groups auth_user_groups_user_id_6a12ed8b_fk_auth_user_id; Type: FK CONSTRAINT; Schema: public; Owner: -
--

ALTER TABLE ONLY public.auth_user_groups
    ADD CONSTRAINT auth_user_groups_user_id_6a12ed8b_fk_auth_user_id FOREIGN KEY (user_id) REFERENCES public.auth_user(id) DEFERRABLE INITIALLY DEFERRED;


--
-- Name: auth_user_user_permissions auth_user_user_permi_permission_id_1fbb5f2c_fk_auth_perm; Type: FK CONSTRAINT; Schema: public; Owner: -
--

ALTER TABLE ONLY public.auth_user_user_permissions
    ADD CONSTRAINT auth_user_user_permi_permission_id_1fbb5f2c_fk_auth_perm FOREIGN KEY (permission_id) REFERENCES public.auth_permission(id) DEFERRABLE INITIALLY DEFERRED;


--
-- Name: auth_user_user_permissions auth_user_user_permissions_user_id_a95ead1b_fk_auth_user_id; Type: FK CONSTRAINT; Schema: public; Owner: -
--

ALTER TABLE ONLY public.auth_user_user_permissions
    ADD CONSTRAINT auth_user_user_permissions_user_id_a95ead1b_fk_auth_user_id FOREIGN KEY (user_id) REFERENCES public.auth_user(id) DEFERRABLE INITIALLY DEFERRED;


--
-- Name: django_admin_log django_admin_log_content_type_id_c4bce8eb_fk_django_co; Type: FK CONSTRAINT; Schema: public; Owner: -
--

ALTER TABLE ONLY public.django_admin_log
    ADD CONSTRAINT django_admin_log_content_type_id_c4bce8eb_fk_django_co FOREIGN KEY (content_type_id) REFERENCES public.django_content_type(id) DEFERRABLE INITIALLY DEFERRED;


--
-- Name: django_admin_log django_admin_log_user_id_c564eba6_fk_auth_user_id; Type: FK CONSTRAINT; Schema: public; Owner: -
--

ALTER TABLE ONLY public.django_admin_log
    ADD CONSTRAINT django_admin_log_user_id_c564eba6_fk_auth_user_id FOREIGN KEY (user_id) REFERENCES public.auth_user(id) DEFERRABLE INITIALLY DEFERRED;


--
-- Name: orders_orderitem orders_orderitem_order_id_fe61a34d_fk_orders_order_id; Type: FK CONSTRAINT; Schema: public; Owner: -
--

ALTER TABLE ONLY public.orders_orderitem
    ADD CONSTRAINT orders_orderitem_order_id_fe61a34d_fk_orders_order_id FOREIGN KEY (order_id) REFERENCES public.orders_order(id) DEFERRABLE INITIALLY DEFERRED;


--
-- Name: orders_orderitem orders_orderitem_product_id_afe4254a_fk_shop_product_id; Type: FK CONSTRAINT; Schema: public; Owner: -
--

ALTER TABLE ONLY public.orders_orderitem
    ADD CONSTRAINT orders_orderitem_product_id_afe4254a_fk_shop_product_id FOREIGN KEY (product_id) REFERENCES public.shop_product(id) DEFERRABLE INITIALLY DEFERRED;


--
-- Name: shop_product shop_product_category_id_14d7eea8_fk_shop_category_id; Type: FK CONSTRAINT; Schema: public; Owner: -
--

ALTER TABLE ONLY public.shop_product
    ADD CONSTRAINT shop_product_category_id_14d7eea8_fk_shop_category_id FOREIGN KEY (category_id) REFERENCES public.shop_category(id) DEFERRABLE INITIALLY DEFERRED;


--
-- PostgreSQL database dump complete
--

\unrestrict rfel8BG2xVlSa5erMiMg0M5WWZzjJcFxS5E7HMm6nFfs7Aq5Ls5bey9OWRBYkfO

